Datetime,Water Level (m)
2025-04-04 18:00:00,-0.109173656
2025-04-04 19:00:00,-0.008279209
2025-04-04 20:00:00,0.014476162
2025-04-04 21:00:00,-0.05648724
2025-04-04 22:00:00,-0.18603267
2025-04-04 23:00:00,-0.36718512
2025-04-05 00:00:00,-0.541794
2025-04-05 01:00:00,-0.6441097
2025-04-05 02:00:00,-0.650778
2025-04-05 03:00:00,-0.5767761
2025-04-05 04:00:00,-0.4197463
2025-04-05 05:00:00,-0.216981
2025-04-05 06:00:00,-0.0003232643
2025-04-05 07:00:00,0.15737472
2025-04-05 08:00:00,0.25789487
2025-04-05 09:00:00,0.28881904
2025-04-05 10:00:00,0.24092573
2025-04-05 11:00:00,0.10925621
2025-04-05 12:00:00,-0.06551454
2025-04-05 13:00:00,-0.25278664
2025-04-05 14:00:00,-0.40450695
2025-04-05 15:00:00,-0.50097686
2025-04-05 16:00:00,-0.51159084
2025-04-05 17:00:00,-0.4528777
2025-04-05 18:00:00,-0.35271654
2025-04-05 19:00:00,-0.24300478
2025-04-05 20:00:00,-0.15367806
2025-04-05 21:00:00,-0.09986179
2025-04-05 22:00:00,-0.09569981
2025-04-05 23:00:00,-0.14012024
2025-04-06 00:00:00,-0.24282208
2025-04-06 01:00:00,-0.37161854
2025-04-06 02:00:00,-0.4681963
2025-04-06 03:00:00,-0.5293472
2025-04-06 04:00:00,-0.5229005
2025-04-06 05:00:00,-0.4451332
2025-04-06 06:00:00,-0.2989466
2025-04-06 07:00:00,-0.12952279
2025-04-06 08:00:00,0.03943151
2025-04-06 09:00:00,0.17925647
2025-04-06 10:00:00,0.26109824
2025-04-06 11:00:00,0.25827113
2025-04-06 12:00:00,0.18159743
2025-04-06 13:00:00,0.030832654
2025-04-06 14:00:00,-0.16219519
2025-04-06 15:00:00,-0.3423572
2025-04-06 16:00:00,-0.48962831
2025-04-06 17:00:00,-0.57401
2025-04-06 18:00:00,-0.56383026
2025-04-06 19:00:00,-0.474045
2025-04-06 20:00:00,-0.3398911
2025-04-06 21:00:00,-0.20964122
2025-04-06 22:00:00,-0.097554974
2025-04-06 23:00:00,-0.024394445
2025-04-07 00:00:00,-0.021307262
2025-04-07 01:00:00,-0.10659569
2025-04-07 02:00:00,-0.22735965
2025-04-07 03:00:00,-0.36799014
2025-04-07 04:00:00,-0.4858192
2025-04-07 05:00:00,-0.5406308
2025-04-07 06:00:00,-0.5131516
2025-04-07 07:00:00,-0.40717438
2025-04-07 08:00:00,-0.23507962
2025-04-07 09:00:00,-0.03407828
2025-04-07 10:00:00,0.14966176
2025-04-07 11:00:00,0.27135643
2025-04-07 12:00:00,0.30744237
2025-04-07 13:00:00,0.24833328
2025-04-07 14:00:00,0.086696275
2025-04-07 15:00:00,-0.14380665
2025-04-07 16:00:00,-0.3834858
2025-04-07 17:00:00,-0.5855712
2025-04-07 18:00:00,-0.68724245
2025-04-07 19:00:00,-0.6661047
2025-04-07 20:00:00,-0.5505741
2025-04-07 21:00:00,-0.3862119
2025-04-07 22:00:00,-0.18109666
2025-04-07 23:00:00,0.0060286485
2025-04-08 00:00:00,0.1039022
2025-04-08 01:00:00,0.10467453
2025-04-08 02:00:00,0.01590761
2025-04-08 03:00:00,-0.15721145
2025-04-08 04:00:00,-0.35959312
2025-04-08 05:00:00,-0.5304891
2025-04-08 06:00:00,-0.6241581
2025-04-08 07:00:00,-0.61348575
2025-04-08 08:00:00,-0.48326388
2025-04-08 09:00:00,-0.26587567
2025-04-08 10:00:00,-0.016668228
2025-04-08 11:00:00,0.20668995
2025-04-08 12:00:00,0.3595833
2025-04-08 13:00:00,0.37735125
2025-04-08 14:00:00,0.2683124
2025-04-08 15:00:00,0.05225825
2025-04-08 16:00:00,-0.23093522
2025-04-08 17:00:00,-0.50539845
2025-04-08 18:00:00,-0.7075564
2025-04-08 19:00:00,-0.7872466
2025-04-08 20:00:00,-0.7128853
2025-04-08 21:00:00,-0.53986293
2025-04-08 22:00:00,-0.27965543
2025-04-08 23:00:00,-0.016419668
2025-04-09 00:00:00,0.20066208
2025-04-09 01:00:00,0.285776
2025-04-09 02:00:00,0.25789034
2025-04-09 03:00:00,0.09470757
2025-04-09 04:00:00,-0.15047565
2025-04-09 05:00:00,-0.40658015
2025-04-09 06:00:00,-0.60849035
2025-04-09 07:00:00,-0.70133454
2025-04-09 08:00:00,-0.6457559
2025-04-09 09:00:00,-0.44505683
2025-04-09 10:00:00,-0.17725094
2025-04-09 11:00:00,0.11324941
2025-04-09 12:00:00,0.37075472
2025-04-09 13:00:00,0.48028722
2025-04-09 14:00:00,0.45186257
2025-04-09 15:00:00,0.2793362
2025-04-09 16:00:00,-0.007221933
2025-04-09 17:00:00,-0.35370347
2025-04-09 18:00:00,-0.6466054
2025-04-09 19:00:00,-0.81191003
2025-04-09 20:00:00,-0.81572616
2025-04-09 21:00:00,-0.67009765
2025-04-09 22:00:00,-0.3935958
2025-04-09 23:00:00,-0.07498966
2025-04-10 00:00:00,0.21115732
2025-04-10 01:00:00,0.4063134
2025-04-10 02:00:00,0.4563064
2025-04-10 03:00:00,0.3474313
2025-04-10 04:00:00,0.09935978
2025-04-10 05:00:00,-0.20472932
2025-04-10 06:00:00,-0.49079376
2025-04-10 07:00:00,-0.6883333
2025-04-10 08:00:00,-0.7375823
2025-04-10 09:00:00,-0.60209477
2025-04-10 10:00:00,-0.3311614
2025-04-10 11:00:00,-0.002332055
2025-04-10 12:00:00,0.31319514
2025-04-10 13:00:00,0.5366722
2025-04-10 14:00:00,0.5877963
2025-04-10 15:00:00,0.47805116
2025-04-10 16:00:00,0.18599372
2025-04-10 17:00:00,-0.1778407
2025-04-10 18:00:00,-0.50792336
